# WordPress to AstroWind Migration Redirects
# Generated from WordPress Redirection plugin export
# Base URL: https://www.mikeroberto.com
# NOTE: WordPress /YYYY/slug URLs are preserved via filenames (no redirects needed)

# Permanent Redirects (301)
/my-networking-plan /2010/my-networking-plan 301
/where-is-jason-now-cheers-and-safe-travels-to-jason-newquist / 301
/2007/where-is-jason-now-cheers-and-safe-travels-to-jason-newquist / 301
/2006/weekend-review-newquist-farm-party-and-chicago / 301
/weekend-review-newquist-farm-party-and-chicago / 301
/2010/land-of-the-free-right / 301
/2009/good-riddance-2008-ohio-state-seniors / 301
/2008/fellow-buckeyes-so-you-wanna-visit-la / 301
/2007/ron-paul-supporters-donate-604-million-in-tea-party-07 / 301
/2008/fellow-buckeyes-so-you-wanna-visit-la / 301
/2007/looks-like-im-growing-my-hair-out / 301
/2007/poll-what-should-i-do-with-my-hair / 301
/2007/the-sunset-has-come / 301
/2007/guest-writer-dan-donatelli-milk-nipple-envy / 301
/2007/new-web-hosting-lunarpagescom / 301
/2007/where-in-the-hell-has-mikerobertocom-been / 301
/2007/how-to-poop-in-the-caribbean-sea-or-atlantic-ocean / 301
/2007/dear-san-jose-thieves / 301
/2007/breaking-news-joe-thomas-comes-down-with-staph-infection-while-fishing / 301
/2007/costa-rica-bar-review-bar-tazmania-santa-cruz-and-the-bolson-town-bar / 301
/2007/my-first-screenplay-new-trix-commercial / 301
/2007/i-didnt-want-to-go-there-anyway / 301
/2007/bertopicscom-software-updated / 301
/2007/ladies-and-gentlemen-we-have-a-champion / 301
/2006/festival-review-austin-city-limits / 301
/2018/ketones-muscle-health-benjamin-bikman https://blog.priceplow.com/podcast/ketones-muscle-health-benjamin-bikman 301
/2010/my-networking-plan / 301
/2010/parenthood-review-tv / 301
/2010/shit-just-got-real /2010/things-just-got-real 301
/2010/shit-just-got-real /2010/things-just-got-real 301
/2009/software-testing-and-qa-outsourcing-at-pay4bugs / 301
/2008/happy-birthday-mom-i-love-you / 301
/2008/my-letter-to-congresswoman-jane-harman / 301
/2006/destroyal / 301
/ads.txt / 301
/shit-just-got-real /2010/things-just-got-real 301
/member-center/member-info / 301
/vendor/phpunit/phpunit/phpunit.xsd / 301
/ajax / 301
/public/ui/v1/js/sea.js / 301
/.env / 301
/.well-known/security.txt / 301
/data/admin/allowurl.txt / 301
/js/comm.js / 301
/wp-content/plugins/jekyll-exporter/vendor/phpunit/phpunit/src/Util/PHP/eval-stdin.php / 301
/.well-known/assetlinks.json / 301
/2007/05/14/how-to-poop-in-the-caribbean-sea-or-atlantic-ocean/ / 301
/2007/good-luck-to-rowler-trainwreck-and-angela-on-the-mission / 301
/2006/shares-of-mittal-steel-mt-sold-at-4191 / 301
/2019/2020-mission / 301
/2019/athletes-carbs-doctor-tro / 301
/2019/mct-oil-keto-flu / 301
/2019/jillian-michaels-keto-diet / 301
/2019/january-world-carnivore-month / 301
/2018/fighting-brain-cancer-and-disease-shawn-wells-podcast https://blog.priceplow.com/podcast/fighting-disease-shawn-wells 301
/2018/blood-sugar-alzheimers-disease / 301
/2018/keto-diet-sugar-coma / 301
/2017/low-fat-diet-death / 301
/2018/keto-diet-mice-longevity / 301
/2016/urine-color-meaning / 301
/2008/sailors-choice-an-introduction / 301
/2006/sales-trainings-over-time-to-get-back-into-shape / 301
/2008/thought-of-the-day / 301
/2008/american-airlines-tries-to-put-damper-on-ms150 /2008/ms-150#american-airlines-tries-to-put-damper-on-ms150 301
/2008/riding-the-2008-ms-150-from-houston-to-austin-help-donate /2008/ms-150 301
/2008/howdy-from-houston https://www.mikeroberto.com/2008/ms-150#howdy-from-houston 301
/2008/beagling-in-bellville https://www.mikeroberto.com/2008/ms-150#beagling-in-bellville 301
/2008/100-miles-90-against-wind https://www.mikeroberto.com/2008/ms-150#100-miles-90-against-wind 301
/2008/cold-morning /2008/ms-150#cold-morning 301
/2008/lunch-and-the-hunt /2008/ms-150#lunch-and-the-hunt 301
/2008/17329-miles-later /2008/ms-150#173-miles-later 301
/2008/thank-you-to-my-ms150-sponsors /2008/ms-150#thank-you 301
/2008/cheers-to-my-personal-hero-c-reeve /2008/ms-150#cheers-to-c-reeve 301
/2008/open-letter-to-rep-john-conyers-re-siriusxm-merger / 301
/2008/despite-making-it-to-the-top-we-have-hit-rock-bottom / 301
/2008/results-of-the-osu-2007-national-championship-cleveland-watch-list / 301
/2008/the-2007-college-football-national-championship-cleveland-watch / 301
/2008/florida-shows-off-that-southern-speed-in-2007-bowl-season / 301
/2007/good-riddance-smart-money-magazine-a-smart-money-review / 301
/2007/ohio-state-to-exorcise-its-demons-and-lsu-in-the-bcs-national-championship-game / 301
/2007/guest-writer-galante-the-oodd-antipodean / 301
/2007/10132007-ohio-obliteration-domination-day-oodd / 301
/2007/one-of-the-worst-days-in-the-history-of-cleveland-sports / 301
/2007/humiliation-the-latest-craze-in-entertainment / 301
/2007/starbucks-investors-enroll-in-business-101 / 301
/2007/presidential-candidate-ron-paul-comes-to-usc / 301
/2007/time-zone-tribulations / 301
/2007/weekend-in-portland-mountains-beer-and-guns / 301
/2007/i-turned-26-today /2007/i-turned-26-today 301
/2007/why-i-hope-hillary-clinton-runs-for-president / 301
/2007/update-feb-14th-2007-windows-updates-crash-explorerexe-fix / 301
/2007/an-introduction-to-guaro-burning-water-in-montezuma / 301
/2007/costa-rica-boat-tours-the-circle-of-life / 301
/2007/who-the-cleveland-browns-will-draft-on-saturday / 301
/2007/documenting-diagramming-and-critiquing-the-pligg-database / 301
/2007/kayakcom-quietly-launches-weekend-trip-search / 301
/2007/i-will-no-longer-press-1-to-speak-english / 301
/2007/dear-spammers-give-it-up-i-use-gmail / 301
/2007/the-undoing-of-lindsay-lohan / 301
/2007/feb-14th-2007-windows-updates-crash-explorerexe-how-to-fix-it / 301
/2007/this-is-what-i-have-to-deal-with / 301
/category/written-while-drunk / 301
/tag/wuxiang-xie / 301
/2007/new-years-resolutions-the-gyms-been-awfully-empty-win-free-chocolate / 301
/2007/funny-screenshot-on-diggcom-re-windows-security / 301
/2007/a-few-more-things https://www.mikeroberto.com/2006/im-gonna-miss-you-austin#a-few-more-things 301
/2007/early-season-review-24-episodes-1-4-no-spoilers / 301
/2006/weekend-review-–-los-angeles-birthday-action / 301
/2009/disable-root-logins-in-phpmyadmin-with-ubuntu / 301

# Temporary Redirects - Preserve Method (307)
/amazon https://www.amazon.com/?tag=microberto-20 307
